
[{"model": "admin.logentry", "pk": 1, "fields": {"action_time": "2025-03-29T04:07:17.938Z", "user": 1, "content_type": 6, "object_id": "1", "object_repr": "mauballe11@gmail.com", "action_flag": 2, "change_message": "[{\"changed\": {\"fields\": [\"Coins\", \"Image\"]}}]"}}, {"model": "admin.logentry", "pk": 2, "fields": {"action_time": "2025-03-29T04:09:14.859Z", "user": 1, "content_type": 7, "object_id": "1", "object_repr": "Incienso Aroma Lavanda", "action_flag": 1, "change_message": "[{\"added\": {}}]"}}, {"model": "admin.logentry", "pk": 3, "fields": {"action_time": "2025-03-29T04:09:52.506Z", "user": 1, "content_type": 7, "object_id": "2", "object_repr": "Laptop Lenovo i7", "action_flag": 1, "change_message": "[{\"added\": {}}]"}}, {"model": "admin.logentry", "pk": 4, "fields": {"action_time": "2025-03-29T04:10:33.151Z", "user": 1, "content_type": 7, "object_id": "3", "object_repr": "Gorra L.A", "action_flag": 1, "change_message": "[{\"added\": {}}]"}}, {"model": "admin.logentry", "pk": 5, "fields": {"action_time": "2025-03-30T02:11:46.861Z", "user": 1, "content_type": 9, "object_id": "9", "object_repr": "ItemCompra object (9)", "action_flag": 3, "change_message": ""}}, {"model": "admin.logentry", "pk": 6, "fields": {"action_time": "2025-03-30T02:11:52.836Z", "user": 1, "content_type": 9, "object_id": "10", "object_repr": "ItemCompra object (10)", "action_flag": 3, "change_message": ""}}, {"model": "admin.logentry", "pk": 7, "fields": {"action_time": "2025-03-30T02:26:52.089Z", "user": 1, "content_type": 9, "object_id": "14", "object_repr": "ItemCompra object (14)", "action_flag": 3, "change_message": ""}}, {"model": "admin.logentry", "pk": 8, "fields": {"action_time": "2025-03-30T02:26:52.089Z", "user": 1, "content_type": 9, "object_id": "13", "object_repr": "ItemCompra object (13)", "action_flag": 3, "change_message": ""}}, {"model": "admin.logentry", "pk": 9, "fields": {"action_time": "2025-03-30T02:26:52.089Z", "user": 1, "content_type": 9, "object_id": "12", "object_repr": "ItemCompra object (12)", "action_flag": 3, "change_message": ""}}, {"model": "admin.logentry", "pk": 10, "fields": {"action_time": "2025-03-30T02:26:52.089Z", "user": 1, "content_type": 9, "object_id": "11", "object_repr": "ItemCompra object (11)", "action_flag": 3, "change_message": ""}}, {"model": "admin.logentry", "pk": 11, "fields": {"action_time": "2025-03-30T02:26:52.089Z", "user": 1, "content_type": 9, "object_id": "8", "object_repr": "ItemCompra object (8)", "action_flag": 3, "change_message": ""}}, {"model": "admin.logentry", "pk": 12, "fields": {"action_time": "2025-03-30T02:27:11.561Z", "user": 1, "content_type": 9, "object_id": "15", "object_repr": "ItemCompra object (15)", "action_flag": 3, "change_message": ""}}, {"model": "admin.logentry", "pk": 13, "fields": {"action_time": "2025-03-30T05:49:36.930Z", "user": 1, "content_type": 7, "object_id": "4", "object_repr": "Santa Claus", "action_flag": 1, "change_message": "[{\"added\": {}}]"}}, {"model": "admin.logentry", "pk": 14, "fields": {"action_time": "2025-03-30T05:52:44.737Z", "user": 1, "content_type": 7, "object_id": "4", "object_repr": "Santa Claus", "action_flag": 2, "change_message": "[{\"changed\": {\"fields\": [\"Image\"]}}]"}}, {"model": "admin.logentry", "pk": 15, "fields": {"action_time": "2025-03-30T05:54:52.150Z", "user": 1, "content_type": 7, "object_id": "4", "object_repr": "Santa Claus", "action_flag": 2, "change_message": "[{\"changed\": {\"fields\": [\"Image\"]}}]"}}, {"model": "admin.logentry", "pk": 16, "fields": {"action_time": "2025-03-30T05:58:57.902Z", "user": 1, "content_type": 7, "object_id": "4", "object_repr": "Santa Claus", "action_flag": 2, "change_message": "[{\"changed\": {\"fields\": [\"Image\", \"Subir imagen\"]}}]"}}, {"model": "admin.logentry", "pk": 17, "fields": {"action_time": "2025-03-30T06:02:18.770Z", "user": 1, "content_type": 7, "object_id": "5", "object_repr": "Carrito contenedor", "action_flag": 1, "change_message": "[{\"added\": {}}]"}}, {"model": "admin.logentry", "pk": 18, "fields": {"action_time": "2025-03-30T06:02:44.792Z", "user": 1, "content_type": 7, "object_id": "5", "object_repr": "Carrito contenedor", "action_flag": 2, "change_message": "[{\"changed\": {\"fields\": [\"Subir imagen\"]}}]"}}, {"model": "admin.logentry", "pk": 19, "fields": {"action_time": "2025-03-30T06:03:29.505Z", "user": 1, "content_type": 7, "object_id": "5", "object_repr": "Carrito contenedor", "action_flag": 2, "change_message": "[{\"changed\": {\"fields\": [\"Subir imagen\"]}}]"}}, {"model": "admin.logentry", "pk": 20, "fields": {"action_time": "2025-03-30T06:04:39.349Z", "user": 1, "content_type": 7, "object_id": "6", "object_repr": "Vela aromática lavanda", "action_flag": 1, "change_message": "[{\"added\": {}}]"}}, {"model": "admin.logentry", "pk": 21, "fields": {"action_time": "2025-03-30T06:06:02.123Z", "user": 1, "content_type": 7, "object_id": "7", "object_repr": "Aifon 16", "action_flag": 1, "change_message": "[{\"added\": {}}]"}}, {"model": "admin.logentry", "pk": 22, "fields": {"action_time": "2025-03-30T06:06:46.846Z", "user": 1, "content_type": 7, "object_id": "8", "object_repr": "Bocina inteligente Alexis", "action_flag": 1, "change_message": "[{\"added\": {}}]"}}, {"model": "admin.logentry", "pk": 23, "fields": {"action_time": "2025-03-30T06:08:47.814Z", "user": 1, "content_type": 7, "object_id": "9", "object_repr": "XCaja Series s", "action_flag": 1, "change_message": "[{\"added\": {}}]"}}, {"model": "admin.logentry", "pk": 24, "fields": {"action_time": "2025-03-30T06:10:43.932Z", "user": 1, "content_type": 7, "object_id": "10", "object_repr": "Sandalias Cracs", "action_flag": 1, "change_message": "[{\"added\": {}}]"}}, {"model": "admin.logentry", "pk": 25, "fields": {"action_time": "2025-03-30T06:11:16.159Z", "user": 1, "content_type": 7, "object_id": "11", "object_repr": "Chaqueta de cuero", "action_flag": 1, "change_message": "[{\"added\": {}}]"}}, {"model": "admin.logentry", "pk": 26, "fields": {"action_time": "2025-03-30T06:11:50.891Z", "user": 1, "content_type": 7, "object_id": "12", "object_repr": "Pantalón American Seagull", "action_flag": 1, "change_message": "[{\"added\": {}}]"}}, {"model": "admin.logentry", "pk": 27, "fields": {"action_time": "2025-03-31T03:41:28.550Z", "user": 1, "content_type": 7, "object_id": "13", "object_repr": "Aspiradora", "action_flag": 1, "change_message": "[{\"added\": {}}]"}}, {"model": "admin.logentry", "pk": 28, "fields": {"action_time": "2025-03-31T04:02:38.838Z", "user": 1, "content_type": 7, "object_id": "14", "object_repr": "Headphones Escul Candy", "action_flag": 1, "change_message": "[{\"added\": {}}]"}}, {"model": "admin.logentry", "pk": 29, "fields": {"action_time": "2025-03-31T04:08:01.738Z", "user": 1, "content_type": 7, "object_id": "15", "object_repr": "Lentes reyben", "action_flag": 1, "change_message": "[{\"added\": {}}]"}}, {"model": "admin.logentry", "pk": 30, "fields": {"action_time": "2025-03-31T04:09:28.890Z", "user": 1, "content_type": 7, "object_id": "16", "object_repr": "Mouse Gamer", "action_flag": 1, "change_message": "[{\"added\": {}}]"}}, {"model": "admin.logentry", "pk": 31, "fields": {"action_time": "2025-03-31T04:11:26.976Z", "user": 1, "content_type": 7, "object_id": "17", "object_repr": "Vajilla completa", "action_flag": 1, "change_message": "[{\"added\": {}}]"}}, {"model": "admin.logentry", "pk": 32, "fields": {"action_time": "2025-03-31T04:17:37.431Z", "user": 1, "content_type": 7, "object_id": "18", "object_repr": "Reloj Roles", "action_flag": 1, "change_message": "[{\"added\": {}}]"}}, {"model": "admin.logentry", "pk": 33, "fields": {"action_time": "2025-03-31T04:18:17.115Z", "user": 1, "content_type": 7, "object_id": "19", "object_repr": "Reloj Cazzio", "action_flag": 1, "change_message": "[{\"added\": {}}]"}}, {"model": "admin.logentry", "pk": 34, "fields": {"action_time": "2025-03-31T04:21:44.626Z", "user": 1, "content_type": 7, "object_id": "20", "object_repr": "Smart Tv", "action_flag": 1, "change_message": "[{\"added\": {}}]"}}, {"model": "admin.logentry", "pk": 35, "fields": {"action_time": "2025-03-31T04:24:08.575Z", "user": 1, "content_type": 7, "object_id": "21", "object_repr": "Cafetera", "action_flag": 1, "change_message": "[{\"added\": {}}]"}}, {"model": "auth.permission", "pk": 1, "fields": {"name": "Can add log entry", "content_type": 1, "codename": "add_logentry"}}, {"model": "auth.permission", "pk": 2, "fields": {"name": "Can change log entry", "content_type": 1, "codename": "change_logentry"}}, {"model": "auth.permission", "pk": 3, "fields": {"name": "Can delete log entry", "content_type": 1, "codename": "delete_logentry"}}, {"model": "auth.permission", "pk": 4, "fields": {"name": "Can view log entry", "content_type": 1, "codename": "view_logentry"}}, {"model": "auth.permission", "pk": 5, "fields": {"name": "Can add permission", "content_type": 2, "codename": "add_permission"}}, {"model": "auth.permission", "pk": 6, "fields": {"name": "Can change permission", "content_type": 2, "codename": "change_permission"}}, {"model": "auth.permission", "pk": 7, "fields": {"name": "Can delete permission", "content_type": 2, "codename": "delete_permission"}}, {"model": "auth.permission", "pk": 8, "fields": {"name": "Can view permission", "content_type": 2, "codename": "view_permission"}}, {"model": "auth.permission", "pk": 9, "fields": {"name": "Can add group", "content_type": 3, "codename": "add_group"}}, {"model": "auth.permission", "pk": 10, "fields": {"name": "Can change group", "content_type": 3, "codename": "change_group"}}, {"model": "auth.permission", "pk": 11, "fields": {"name": "Can delete group", "content_type": 3, "codename": "delete_group"}}, {"model": "auth.permission", "pk": 12, "fields": {"name": "Can view group", "content_type": 3, "codename": "view_group"}}, {"model": "auth.permission", "pk": 13, "fields": {"name": "Can add content type", "content_type": 4, "codename": "add_contenttype"}}, {"model": "auth.permission", "pk": 14, "fields": {"name": "Can change content type", "content_type": 4, "codename": "change_contenttype"}}, {"model": "auth.permission", "pk": 15, "fields": {"name": "Can delete content type", "content_type": 4, "codename": "delete_contenttype"}}, {"model": "auth.permission", "pk": 16, "fields": {"name": "Can view content type", "content_type": 4, "codename": "view_contenttype"}}, {"model": "auth.permission", "pk": 17, "fields": {"name": "Can add session", "content_type": 5, "codename": "add_session"}}, {"model": "auth.permission", "pk": 18, "fields": {"name": "Can change session", "content_type": 5, "codename": "change_session"}}, {"model": "auth.permission", "pk": 19, "fields": {"name": "Can delete session", "content_type": 5, "codename": "delete_session"}}, {"model": "auth.permission", "pk": 20, "fields": {"name": "Can view session", "content_type": 5, "codename": "view_session"}}, {"model": "auth.permission", "pk": 21, "fields": {"name": "Can add User", "content_type": 6, "codename": "add_user"}}, {"model": "auth.permission", "pk": 22, "fields": {"name": "Can change User", "content_type": 6, "codename": "change_user"}}, {"model": "auth.permission", "pk": 23, "fields": {"name": "Can delete User", "content_type": 6, "codename": "delete_user"}}, {"model": "auth.permission", "pk": 24, "fields": {"name": "Can view User", "content_type": 6, "codename": "view_user"}}, {"model": "auth.permission", "pk": 25, "fields": {"name": "Can add product", "content_type": 7, "codename": "add_product"}}, {"model": "auth.permission", "pk": 26, "fields": {"name": "Can change product", "content_type": 7, "codename": "change_product"}}, {"model": "auth.permission", "pk": 27, "fields": {"name": "Can delete product", "content_type": 7, "codename": "delete_product"}}, {"model": "auth.permission", "pk": 28, "fields": {"name": "Can view product", "content_type": 7, "codename": "view_product"}}, {"model": "auth.permission", "pk": 29, "fields": {"name": "Can add compra", "content_type": 8, "codename": "add_compra"}}, {"model": "auth.permission", "pk": 30, "fields": {"name": "Can change compra", "content_type": 8, "codename": "change_compra"}}, {"model": "auth.permission", "pk": 31, "fields": {"name": "Can delete compra", "content_type": 8, "codename": "delete_compra"}}, {"model": "auth.permission", "pk": 32, "fields": {"name": "Can view compra", "content_type": 8, "codename": "view_compra"}}, {"model": "auth.permission", "pk": 33, "fields": {"name": "Can add item compra", "content_type": 9, "codename": "add_itemcompra"}}, {"model": "auth.permission", "pk": 34, "fields": {"name": "Can change item compra", "content_type": 9, "codename": "change_itemcompra"}}, {"model": "auth.permission", "pk": 35, "fields": {"name": "Can delete item compra", "content_type": 9, "codename": "delete_itemcompra"}}, {"model": "auth.permission", "pk": 36, "fields": {"name": "Can view item compra", "content_type": 9, "codename": "view_itemcompra"}}, {"model": "contenttypes.contenttype", "pk": 1, "fields": {"app_label": "admin", "model": "logentry"}}, {"model": "contenttypes.contenttype", "pk": 2, "fields": {"app_label": "auth", "model": "permission"}}, {"model": "contenttypes.contenttype", "pk": 3, "fields": {"app_label": "auth", "model": "group"}}, {"model": "contenttypes.contenttype", "pk": 4, "fields": {"app_label": "contenttypes", "model": "contenttype"}}, {"model": "contenttypes.contenttype", "pk": 5, "fields": {"app_label": "sessions", "model": "session"}}, {"model": "contenttypes.contenttype", "pk": 6, "fields": {"app_label": "login", "model": "user"}}, {"model": "contenttypes.contenttype", "pk": 7, "fields": {"app_label": "productos", "model": "product"}}, {"model": "contenttypes.contenttype", "pk": 8, "fields": {"app_label": "compras", "model": "compra"}}, {"model": "contenttypes.contenttype", "pk": 9, "fields": {"app_label": "compras", "model": "itemcompra"}}, {"model": "sessions.session", "pk": "9e6hawihdjmloff3plcel41t8p8jx3f5", "fields": {"session_data": ".eJxVjEEOwiAQRe_C2hBgQKYu3XsGMjAgVUOT0q6MdzckXej2v_f-WwTatxr2ntcws7gILU6_W6T0zG0AflC7LzItbVvnKIciD9rlbeH8uh7u30GlXkedifTEaIyNqK2dMDMUDal4AqWKiwacTcobKM55RBUdGPRAzM6eo_h8Adp_Nz0:1tyNQE:c8X_AuG79zvJjrqilyPPWQLVIhyuy2wuxGi3CPTDQig", "expire_date": "2025-04-12T04:03:50.501Z"}}, {"model": "login.user", "pk": 1, "fields": {"password": "pbkdf2_sha256$870000$I9xSR2xetMYkgAbWvUyPYe$bw6GXI35+ar7FJrIuTtbbu6gmxcUU0cpHkbTHoeCob4=", "last_login": "2025-03-29T04:03:50Z", "is_superuser": true, "first_name": "Mauricio", "last_name": "Rodriguez Ballesteros", "email": "mauballe11@gmail.com", "coins": "643440.00", "image": "users/profile_images/2025/03/29/caromau.jpg", "is_staff": true, "is_active": true, "date_joined": "2025-03-29T04:03:15.696Z", "groups": [], "user_permissions": []}}, {"model": "login.user", "pk": 2, "fields": {"password": "pbkdf2_sha256$870000$75Kc50ByC0xKVSqjYUPRCj$brStp28+O3Hf0pSmjNfmXleIu3szqKmTtpw+Hl0i7Cs=", "last_login": null, "is_superuser": false, "first_name": "Nadia Carolina", "last_name": "García Aramburo", "email": "garciaaramburoc@gmail.com", "coins": "78400.00", "image": "users/profile_images/2025/03/29/caritobo.jpg", "is_staff": false, "is_active": true, "date_joined": "2025-03-30T05:22:19.142Z", "groups": [], "user_permissions": []}}, {"model": "login.user", "pk": 3, "fields": {"password": "pbkdf2_sha256$870000$Bv0PikzSkhe7PymX8mICjx$IdFXVqYoM/W++ZvDjjlbm+3Q+4D62lMdZVUjmKwDSzU=", "last_login": null, "is_superuser": false, "first_name": "Liload", "last_name": "Rodríguez", "email": "andreaballes@gmail.com", "coins": "82200.00", "image": "users/profile_images/2025/03/30/andrea.jpg", "is_staff": false, "is_active": true, "date_joined": "2025-03-31T01:59:02.783Z", "groups": [], "user_permissions": []}}, {"model": "login.user", "pk": 4, "fields": {"password": "pbkdf2_sha256$870000$rF7sTufQSWcEtDWrF19gNr$PFtZ6x4xWK10B0Ucw/bcgpw/+EBJDDJ8NlbRcmiexpA=", "last_login": null, "is_superuser": false, "first_name": "Emiliano", "last_name": "Rivas Salas", "email": "emirs18@hotmail.com", "coins": "47400.00", "image": "users/profile_images/2025/03/30/emi.jpg", "is_staff": false, "is_active": true, "date_joined": "2025-03-31T03:03:57.585Z", "groups": [], "user_permissions": []}}, {"model": "login.user", "pk": 5, "fields": {"password": "pbkdf2_sha256$870000$pbXBdmXC87ziEm3gt26IFK$aa0yiRiP7eL3vw0aUc787qIWF0nbSP3PWTP8MW6o2eY=", "last_login": null, "is_superuser": false, "first_name": "Zeus", "last_name": "Ballesteros", "email": "elzeusas@gmail.com", "coins": "58000.00", "image": "users/profile_images/2025/03/31/zeusote.jpg", "is_staff": false, "is_active": true, "date_joined": "2025-04-01T00:56:17.660Z", "groups": [], "user_permissions": []}}, {"model": "login.user", "pk": 6, "fields": {"password": "pbkdf2_sha256$870000$8vHBlqweMzn3slRnmt2NKz$3Aqe9O48fdp8U6cj5cM3SlVrveNhhNH1piFOFLTpUbA=", "last_login": null, "is_superuser": false, "first_name": "Aristóteles", "last_name": "Sabiondo", "email": "aris@gmail.com", "coins": "100000.00", "image": "", "is_staff": false, "is_active": true, "date_joined": "2025-04-01T04:01:41.444Z", "groups": [], "user_permissions": []}}, {"model": "login.user", "pk": 7, "fields": {"password": "pbkdf2_sha256$870000$dgnbiuIpSACH6OWvTAq2hB$Naw7pdnje2x4dfXm3Jg7wctuUnw3qkck9jmqSNpQGyY=", "last_login": null, "is_superuser": false, "first_name": "Sara Barez", "last_name": "barez", "email": "sara@gmail.com", "coins": "100000.00", "image": "", "is_staff": false, "is_active": true, "date_joined": "2025-04-01T04:13:58.261Z", "groups": [], "user_permissions": []}}, {"model": "login.user", "pk": 8, "fields": {"password": "pbkdf2_sha256$870000$cnGiEinO0a7hBXoHZ71zNk$uBGWZphI18Y0q+VzNRC4Ak8XQJdHzEqa4p97A3EZV/w=", "last_login": null, "is_superuser": false, "first_name": "Miguel", "last_name": "mellado", "email": "miguel.melladoh@gmail.com", "coins": "100000.00", "image": "", "is_staff": false, "is_active": true, "date_joined": "2025-04-01T04:14:18.646Z", "groups": [], "user_permissions": []}}, {"model": "productos.product", "pk": 1, "fields": {"title": "Incienso Aroma Lavanda", "description": "Aroma encantador", "category": "hogar", "price": "80.00", "stock": "200.00", "image": "products/images/incienso_pMS563M.jpeg"}}, {"model": "productos.product", "pk": 2, "fields": {"title": "Laptop Lenovo i7", "description": "Laptop última generación", "category": "tecnologia", "price": "20000.00", "stock": "100.00", "image": "products/images/lenovo_cTb2WdI.webp"}}, {"model": "productos.product", "pk": 3, "fields": {"title": "Gorra L.A", "description": "Gorra Dodgers campeones", "category": "outfit", "price": "2000.00", "stock": "50.00", "image": "products/images/gorra_eIY0Cr5.jpeg"}}, {"model": "productos.product", "pk": 4, "fields": {"title": "Santa Claus", "description": "Santa Claus musical tamaño real", "category": "hogar", "price": "5000.00", "stock": "25.00", "image": "products/santa.webp"}}, {"model": "productos.product", "pk": 5, "fields": {"title": "Carrito contenedor", "description": "Carrito de tres niveles almacena tus objetos", "category": "hogar", "price": "800.00", "stock": "50.00", "image": "products/carritote.jpg"}}, {"model": "productos.product", "pk": 6, "fields": {"title": "Vela aromática lavanda", "description": "Aroma lavanda duradero", "category": "hogar", "price": "600.00", "stock": "100.00", "image": "products/bela.webp"}}, {"model": "productos.product", "pk": 7, "fields": {"title": "Aifon 16", "description": "Celular última generación 256 GB", "category": "tecnologia", "price": "35000.00", "stock": "20.00", "image": "products/aifon.jpeg"}}, {"model": "productos.product", "pk": 8, "fields": {"title": "Bocina inteligente Alexis", "description": "El internet de las cosas al alcance de tus manos", "category": "tecnologia", "price": "800.00", "stock": "100.00", "image": "products/alexa.jpg"}}, {"model": "productos.product", "pk": 9, "fields": {"title": "XCaja Series s", "description": "Consola de videojuegos, corre DOOM y GTA VI", "category": "tecnologia", "price": "6000.00", "stock": "75.00", "image": "products/xbox.webp"}}, {"model": "productos.product", "pk": 10, "fields": {"title": "Sandalias Cracs", "description": "Sandalias ergonómicas todo terreno", "category": "outfit", "price": "1000.00", "stock": "80.00", "image": "products/crocss.jpg"}}, {"model": "productos.product", "pk": 11, "fields": {"title": "Chaqueta de cuero", "description": "Cuero 100% sintético", "category": "outfit", "price": "2000.00", "stock": "30.00", "image": "products/chaqueta.jpg"}}, {"model": "productos.product", "pk": 12, "fields": {"title": "Pantalón American Seagull", "description": "Pantalón Slim Fit de alta calidad", "category": "outfit", "price": "1600.00", "stock": "150.00", "image": "products/pantalon.jpg"}}, {"model": "productos.product", "pk": 13, "fields": {"title": "Aspiradora", "description": "Aspiradora tres niveles ULTRA MAX", "category": "hogar", "price": "5000.00", "stock": "30.00", "image": "products/aspiradora.jpeg"}}, {"model": "productos.product", "pk": 14, "fields": {"title": "Headphones Escul Candy", "description": "Headphones de marca reconocida", "category": "tecnologia", "price": "4000.00", "stock": "60.00", "image": "products/escul.jpg"}}, {"model": "productos.product", "pk": 15, "fields": {"title": "Lentes reyben", "description": "Anteojos antireflejantes contra luz solar", "category": "outfit", "price": "8000.00", "stock": "25.00", "image": "products/lentes.jpg"}}, {"model": "productos.product", "pk": 16, "fields": {"title": "Mouse Gamer", "description": "Ratón para jugadores profesional click silenciado", "category": "tecnologia", "price": "2000.00", "stock": "56.00", "image": "products/maus.webp"}}, {"model": "productos.product", "pk": 17, "fields": {"title": "Vajilla completa", "description": "Vajilla de 24 piezas 100% porcelana", "category": "hogar", "price": "3000.00", "stock": "40.00", "image": "products/vajilla.webp"}}, {"model": "productos.product", "pk": 18, "fields": {"title": "Reloj Roles", "description": "Reloj de vanguardia 24K de oro", "category": "outfit", "price": "150000.00", "stock": "5.00", "image": "products/rolex.jpeg"}}, {"model": "productos.product", "pk": 19, "fields": {"title": "Reloj Cazzio", "description": "Reloj casual de uso diario", "category": "outfit", "price": "20000.00", "stock": "40.00", "image": "products/casio.jpg"}}, {"model": "productos.product", "pk": 20, "fields": {"title": "Smart Tv", "description": "Televisión inteligente de 80 pulgadas", "category": "tecnologia", "price": "80000.00", "stock": "60.00", "image": "products/tv.jpeg"}}, {"model": "productos.product", "pk": 21, "fields": {"title": "Cafetera", "description": "Cafetera sencilla 16oz", "category": "hogar", "price": "600.00", "stock": "50.00", "image": "products/cafetera.jpg"}}, {"model": "compras.compra", "pk": 1, "fields": {"user": 1, "fecha": "2025-03-29T04:16:05.648Z", "total": "2000.00"}}, {"model": "compras.compra", "pk": 2, "fields": {"user": 1, "fecha": "2025-03-29T04:29:40.733Z", "total": "20080.00"}}, {"model": "compras.compra", "pk": 3, "fields": {"user": 1, "fecha": "2025-03-29T04:39:21.859Z", "total": "24000.00"}}, {"model": "compras.compra", "pk": 4, "fields": {"user": 1, "fecha": "2025-03-29T21:53:55.295Z", "total": "20000.00"}}, {"model": "compras.compra", "pk": 5, "fields": {"user": 1, "fecha": "2025-03-29T21:55:17.735Z", "total": "2000.00"}}, {"model": "compras.compra", "pk": 6, "fields": {"user": 1, "fecha": "2025-03-30T01:53:59.490Z", "total": "2000.00"}}, {"model": "compras.compra", "pk": 7, "fields": {"user": 1, "fecha": "2025-03-30T02:10:58.536Z", "total": "20080.00"}}, {"model": "compras.compra", "pk": 8, "fields": {"user": 1, "fecha": "2025-03-30T02:15:45.846Z", "total": "20080.00"}}, {"model": "compras.compra", "pk": 9, "fields": {"user": 1, "fecha": "2025-03-30T02:16:24.468Z", "total": "80.00"}}, {"model": "compras.compra", "pk": 10, "fields": {"user": 1, "fecha": "2025-03-30T02:17:08.218Z", "total": "20000.00"}}, {"model": "compras.compra", "pk": 11, "fields": {"user": 1, "fecha": "2025-03-30T02:22:18.225Z", "total": "2000.00"}}, {"model": "compras.compra", "pk": 12, "fields": {"user": 1, "fecha": "2025-03-30T02:27:25.656Z", "total": "20000.00"}}, {"model": "compras.compra", "pk": 13, "fields": {"user": 2, "fecha": "2025-03-30T05:23:09.149Z", "total": "20000.00"}}, {"model": "compras.compra", "pk": 14, "fields": {"user": 2, "fecha": "2025-03-30T06:12:54.140Z", "total": "1600.00"}}, {"model": "compras.compra", "pk": 15, "fields": {"user": 3, "fecha": "2025-03-31T02:03:22.522Z", "total": "2000.00"}}, {"model": "compras.compra", "pk": 16, "fields": {"user": 3, "fecha": "2025-03-31T02:04:38.191Z", "total": "800.00"}}, {"model": "compras.compra", "pk": 17, "fields": {"user": 3, "fecha": "2025-03-31T02:06:02.007Z", "total": "10000.00"}}, {"model": "compras.compra", "pk": 18, "fields": {"user": 3, "fecha": "2025-03-31T02:07:52.465Z", "total": "5000.00"}}, {"model": "compras.compra", "pk": 19, "fields": {"user": 4, "fecha": "2025-03-31T03:18:56.084Z", "total": "47000.00"}}, {"model": "compras.compra", "pk": 20, "fields": {"user": 4, "fecha": "2025-03-31T20:18:27.315Z", "total": "2000.00"}}, {"model": "compras.compra", "pk": 21, "fields": {"user": 4, "fecha": "2025-03-31T20:24:58.213Z", "total": "600.00"}}, {"model": "compras.compra", "pk": 22, "fields": {"user": 4, "fecha": "2025-03-31T20:25:31.158Z", "total": "3000.00"}}, {"model": "compras.compra", "pk": 23, "fields": {"user": 5, "fecha": "2025-04-01T00:56:59.883Z", "total": "40000.00"}}, {"model": "compras.compra", "pk": 24, "fields": {"user": 5, "fecha": "2025-04-01T03:25:16.062Z", "total": "2000.00"}}, {"model": "compras.itemcompra", "pk": 1, "fields": {"compra": 1, "title": "Gorra L.A", "description": "Gorra Dodgers campeones", "category": "outfit", "price": "2000.00", "stock": "50.00", "image": "products/images/gorra_eIY0Cr5.jpeg"}}, {"model": "compras.itemcompra", "pk": 2, "fields": {"compra": 2, "title": "Incienso Aroma Lavanda", "description": "Aroma encantador", "category": "hogar", "price": "80.00", "stock": "200.00", "image": "products/images/incienso_pMS563M.jpeg"}}, {"model": "compras.itemcompra", "pk": 3, "fields": {"compra": 2, "title": "Laptop Lenovo i7", "description": "Laptop última generación", "category": "tecnologia", "price": "20000.00", "stock": "100.00", "image": "products/images/lenovo_cTb2WdI.webp"}}, {"model": "compras.itemcompra", "pk": 4, "fields": {"compra": 3, "title": "Gorra L.A", "description": "Gorra Dodgers campeones", "category": "outfit", "price": "2000.00", "stock": "50.00", "image": "products/images/gorra_eIY0Cr5.jpeg"}}, {"model": "compras.itemcompra", "pk": 5, "fields": {"compra": 3, "title": "Laptop Lenovo i7", "description": "Laptop última generación", "category": "tecnologia", "price": "20000.00", "stock": "100.00", "image": "products/images/lenovo_cTb2WdI.webp"}}, {"model": "compras.itemcompra", "pk": 6, "fields": {"compra": 4, "title": "Laptop Lenovo i7", "description": "Laptop última generación", "category": "tecnologia", "price": "20000.00", "stock": "100.00", "image": "products/images/lenovo_cTb2WdI.webp"}}, {"model": "compras.itemcompra", "pk": 7, "fields": {"compra": 5, "title": "Gorra L.A", "description": "Gorra Dodgers campeones", "category": "outfit", "price": "2000.00", "stock": "50.00", "image": "products/images/gorra_eIY0Cr5.jpeg"}}, {"model": "compras.itemcompra", "pk": 16, "fields": {"compra": 12, "title": "Laptop Lenovo i7", "description": "Laptop última generación", "category": "tecnologia", "price": "20000.00", "stock": "100.00", "image": "products/images/lenovo_cTb2WdI.webp"}}, {"model": "compras.itemcompra", "pk": 17, "fields": {"compra": 13, "title": "Laptop Lenovo i7", "description": "Laptop última generación", "category": "tecnologia", "price": "20000.00", "stock": "100.00", "image": "products/images/lenovo_cTb2WdI.webp"}}, {"model": "compras.itemcompra", "pk": 18, "fields": {"compra": 14, "title": "Pantalón American Seagull", "description": "Pantalón Slim Fit de alta calidad", "category": "outfit", "price": "1600.00", "stock": "150.00", "image": "products/pantalon.jpg"}}, {"model": "compras.itemcompra", "pk": 19, "fields": {"compra": 15, "title": "Gorra L.A", "description": "Gorra Dodgers campeones", "category": "outfit", "price": "2000.00", "stock": "50.00", "image": "products/images/gorra_eIY0Cr5.jpeg"}}, {"model": "compras.itemcompra", "pk": 20, "fields": {"compra": 16, "title": "Bocina inteligente Alexis", "description": "El internet de las cosas al alcance de tus manos", "category": "tecnologia", "price": "800.00", "stock": "100.00", "image": "products/alexa.jpg"}}, {"model": "compras.itemcompra", "pk": 21, "fields": {"compra": 17, "title": "Santa Claus", "description": "Santa Claus musical tamaño real", "category": "hogar", "price": "5000.00", "stock": "25.00", "image": "products/santa.webp"}}, {"model": "compras.itemcompra", "pk": 22, "fields": {"compra": 18, "title": "Santa Claus", "description": "Santa Claus musical tamaño real", "category": "hogar", "price": "5000.00", "stock": "25.00", "image": "products/santa.webp"}}, {"model": "compras.itemcompra", "pk": 23, "fields": {"compra": 19, "title": "Gorra L.A", "description": "Gorra Dodgers campeones", "category": "outfit", "price": "2000.00", "stock": "50.00", "image": "products/images/gorra_eIY0Cr5.jpeg"}}, {"model": "compras.itemcompra", "pk": 24, "fields": {"compra": 19, "title": "Bocina inteligente Alexis", "description": "El internet de las cosas al alcance de tus manos", "category": "tecnologia", "price": "800.00", "stock": "100.00", "image": "products/alexa.jpg"}}, {"model": "compras.itemcompra", "pk": 25, "fields": {"compra": 19, "title": "XCaja Series s", "description": "Consola de videojuegos, corre DOOM y GTA VI", "category": "tecnologia", "price": "6000.00", "stock": "75.00", "image": "products/xbox.webp"}}, {"model": "compras.itemcompra", "pk": 26, "fields": {"compra": 19, "title": "Aifon 16", "description": "Celular última generación 256 GB", "category": "tecnologia", "price": "35000.00", "stock": "20.00", "image": "products/aifon.jpeg"}}, {"model": "compras.itemcompra", "pk": 27, "fields": {"compra": 19, "title": "Sandalias Cracs", "description": "Sandalias ergonómicas todo terreno", "category": "outfit", "price": "1000.00", "stock": "80.00", "image": "products/crocss.jpg"}}, {"model": "compras.itemcompra", "pk": 28, "fields": {"compra": 19, "title": "Vela aromática lavanda", "description": "Aroma lavanda duradero", "category": "hogar", "price": "600.00", "stock": "100.00", "image": "products/bela.webp"}}, {"model": "compras.itemcompra", "pk": 29, "fields": {"compra": 20, "title": "Gorra L.A", "description": "Gorra Dodgers campeones", "category": "outfit", "price": "2000.00", "stock": "50.00", "image": "products/images/gorra_eIY0Cr5.jpeg"}}, {"model": "compras.itemcompra", "pk": 30, "fields": {"compra": 21, "title": "Cafetera", "description": "Cafetera sencilla 16oz", "category": "hogar", "price": "600.00", "stock": "50.00", "image": "products/cafetera.jpg"}}, {"model": "compras.itemcompra", "pk": 31, "fields": {"compra": 22, "title": "Vajilla completa", "description": "Vajilla de 24 piezas 100% porcelana", "category": "hogar", "price": "3000.00", "stock": "40.00", "image": "products/vajilla.webp"}}, {"model": "compras.itemcompra", "pk": 32, "fields": {"compra": 23, "title": "Laptop Lenovo i7", "description": "Laptop última generación", "category": "tecnologia", "price": "20000.00", "stock": "100.00", "image": "products/images/lenovo_cTb2WdI.webp"}}, {"model": "compras.itemcompra", "pk": 33, "fields": {"compra": 24, "title": "Gorra L.A", "description": "Gorra Dodgers campeones", "category": "outfit", "price": "2000.00", "stock": "50.00", "image": "products/images/gorra_eIY0Cr5.jpeg"}}]